timestamp,text,likes,retweets
2025-03-16 13:01:45+00:00,@DefiyantlyFree Big Mike's brother is a hideous sight! No one cares about the Democrats trash views! Hopefully this will be a reality check for Big Mike and Barrack!,0,0
2025-03-16 13:01:43+00:00,If another big brother comes back next year  I want biggie to bring people who are good at physical games only ğŸ’€ğŸ˜  imagine waiting for mondays and fridays for entertainment ğŸ‘ğŸ‘ canâ€™t wait ğŸ˜œ that will be fire season  #Bbmzansi https://t.co/g3iOmRBjY9 https://t.co/DWAn7YJPuC,0,0
2025-03-16 13:01:31+00:00,@MJusticd @KENJEEZY85 @PamelaApostolo1 You could say the same in reverse. They have grown accustomed to having a big brother to protect them and have taken it for granted. Spending their tax revenue on social welfare without a thought in the world of their defense. China's making inroads in Canada.,0,0
2025-03-16 13:01:24+00:00,@thabelomaanda @simphoza11 @Paleemoc Yolanda was disqualified Ashley was evicted by those housemates and I loved them both but to say there are people who don't deserve to win big brother is a no dear . Every hms who enter BB deserves to win,0,0
2025-03-16 13:01:20+00:00,Can we please stop giving the insufferable cast of Big Brother 2024 any attention now I beg you,0,0
2025-03-16 13:01:14+00:00,"ğŸ”¥ Big News!

#ElonMusk officially introduces the X Token.ğŸ‰

â ğ—½ğ—¶ğ—» ğ—½ğ—¼ğ˜€ğ˜ https://t.co/doj6zfvycG

bvWPO @jummymike @brother_christ4 @tshifhie029770 @kohshi1031 @mertblcxx @nosarex701 @natashadevilish @kjjk18718881 @rmnobarra @jotiesg @mariamb56228530",0,0
2025-03-16 13:01:01+00:00,@KColts2021 @JBrdshw_ @lalenekffj94686 @Wyamde97 @otiknuks @WorldDarkWeb2 Lmao England follows the usa around. Like a lil brother trying to hang with big bro. Worry about ur shit hole will not be yalls land in due time,0,0
2025-03-16 13:00:47+00:00,"@anndylian Vibe check passed when the community is strong and the narrative is even stronger

#MYSTERY isnâ€™t just another memecoin itâ€™s a movement the big brother of Pepe straight from Matt Furieâ€™s The Night Riders With deep lore a cult like following and growing momentum this frog isâ€¦ https://t.co/vk1WairtXZ https://t.co/v1CcsngVn3",2,1
2025-03-16 13:00:15+00:00,@elonmuskTN I am love and like you Big brother,0,0
2025-03-16 12:59:18+00:00,"@Mar50cC5O @NickKristof America is the world's big brother. It's not a right but a privilege. That said, any aid should be used judiciously to justify taxpayers' money.",0,0
2025-03-16 12:59:10+00:00,@elonmusksonlilx Very very lovely cute smile Big brother,0,0
2025-03-16 12:59:08+00:00,"@ernest_pillay @SAfmRadio Kenny G_you make believe.. 
I look up to you when it comes to music.. thank you for the beautiful music each and every weekend, you are appreciated BIG BROTHER.. I'm listening to you from kuruman",0,0
2025-03-16 12:59:05+00:00,"ğŸ”¥ Big News!

#ElonMusk officially introduces the X Token.ğŸ‰

â ğ—½ğ—¶ğ—» ğ—½ğ—¼ğ˜€ğ˜ https://t.co/HVFtdfdFyV

LOMax @ayoolah12 @maripitu2 @raskof_ @agentkremlja @gamingpikacu @alpana_dey6 @llacaserick @tristin92638248 @mandypeter8 @susindu_sri @brother_naja @jiffry1613 @tarty1234",0,0
2025-03-16 12:58:57+00:00,"They studie Big Brother wrong, thinking winning big brother, you have to fight ğŸ˜‚ğŸ˜‚ğŸ˜‚ğŸ˜‚
#bbmzansi",5,0
2025-03-16 12:58:51+00:00,@caitlynsveto It is  going over peoples head that this is a quote from Big Brother,0,0
2025-03-16 12:57:57+00:00,@ThatGuyBry31 youâ€™re a big brother mongo right?,0,0
2025-03-16 12:57:53+00:00,"@news_barron Sorry, it's BIG MIKE, not brother mike show respect.",0,0
2025-03-16 12:57:35+00:00,"One thing about Big Brother you will never know what people like or want like we have people who hates Nsuku for being loud and rude, we also have people who love Sweet Guluva for being quite,funny and respectful ğŸ˜ğŸ¤â€¦ And itâ€™s okay just goes with your preferenceâ€¦#BBMzansi https://t.co/nN8Aw2Esm4",5,1
2025-03-16 12:56:50+00:00,"@sirDukeDevin Easy to do when no one  sees you as a threat, counts on you to do anything and have a big brother watching your back.",0,0
2025-03-16 12:56:47+00:00,"Watching Big Brother as a normal human being is great for oneâ€™s soul ğŸ’•. You are not entitled to DEFEND, have sleepless nights . Just a regular DSTV supporter #BBMzansi",3,0
2025-03-16 12:56:05+00:00,"ğŸ”¥ Big News!

#ElonMusk officially introduces the X Token.ğŸ‰

â ğ—½ğ—¶ğ—» ğ—½ğ—¼ğ˜€ğ˜ https://t.co/vYd1Kds0S8

tJDNg @karen04890806 @xxc1el01dxx @korkmazselcukkk @momwitch8 @lingrajmahanand @brother_shine @ecesmart1 @marklewismd @hcn4j5zvldkeszo @laylahh96743",0,0
2025-03-16 12:56:00+00:00,"""He has done nothing in the house only won HOH , 2 chillers punch tasks,3 lotto star games,a Robertsons task and King of Umlilo"" but since he was well behaved he has done nothing and lastly ""I wish I have won something because I am broke Big brother"" #BBMzansi",8,0
2025-03-16 12:55:59+00:00,"ğŸ”¥ Big News!

#ElonMusk officially introduces the X Token.ğŸ‰

â ğ—½ğ—¶ğ—» ğ—½ğ—¼ğ˜€ğ˜ https://t.co/60wCIsrYSl

yUeyD @apupups @bin_avdool @amanali128 @asomani_david23 @fedekurtspitz @lgmoxey @hannahvoge54216 @brother_nour @chrystalangel7 @geofreymakunen1 @johnnyqueste",0,0
2025-03-16 12:55:56+00:00,"That's what happens when we let too many from another culture pool in one area .   They bring the corruption, the fraud the fentanyl that killed my son, they work cheap, they lie and Patrick claims their PM is his big brother
 
https://t.co/hjasDFStpV https://t.co/k7HUOr2VrT",0,0
2025-03-16 12:55:54+00:00,Why Im cool w abolishing the Department of Education. #DOGE School now is just a BIG Daycare ran by lazy people w guaranteed salaries/pensions. Im 1000% MAGA and I LOVE seeing this brother WHOOPING this FOOL for casually saying â€œN;@&amp;!â€ in school. Say it at dinner or dont say itğŸ“£ https://t.co/XmhcBXKrx8,1,0
2025-03-16 12:54:28+00:00,"@daddyhope @SecRubio @POTUS You are free to speak.  That doesn't mean we have to allow you here if you don't like us.  For example, my brother can be as big of an ass as he wants.  He is not welcome in my home.  Neither are univited people.  It's pretty simple.",0,0
2025-03-16 12:54:13+00:00,He's just a big fat pussy. Oh wait. That's the brother. Loving the quick side shot of yours truly.   Shame it's all spoiled by Mussolini aka @malachysteenson being in the frame https://t.co/nynKuNCHe9,1,0
2025-03-16 12:54:11+00:00,"Big Brother 

Nsuku Telling Biggie Herself And Abobo Might Be Evicted, Saying She Hasnâ€™t Been Feeling  Herself
https://t.co/C1Tw5NMHHA",1,1
2025-03-16 12:53:39+00:00,@OfAthenry my brother is a big fan of that one,0,0
2025-03-16 12:53:35+00:00,"ğŸ“º: BIG BROTHER MZANSI POLLâœ¨

The long awaited day ğŸ˜ƒğŸ”¥

Will there be tears of joy or sadness? ğŸ‘€

The finalists will be revealed during tonightâ€™s the live eviction show ğŸ‘‘ l

Whatâ€™s your guess â€” will it be a Top 5 or Top 6? ğŸ’­

#BBMzansi",0,0
2025-03-16 12:53:33+00:00,@SrPetersETH Yea you changed the game my brother itâ€™s gonna be big FOMO but excellent to get things kick started again,2,0
2025-03-16 12:53:32+00:00,No lies Nsuku Big Brother dressed you very well #BBMzmansi,1,0
2025-03-16 12:53:11+00:00,"@elonmuskphotosX Big brother I am suggest you are making a Orgnigetion Big fund provide All world furmers  request only Orgenic farming , need humen life protect in health care",0,0
2025-03-16 12:52:18+00:00,I forgot that they give everyone Big Brother contestant the severance procedure https://t.co/wMNfLkLwZj,0,0
2025-03-16 12:52:09+00:00,His looks are literally a  cherry on top. This guy here is an amazing person with a beautiful personality that has never been seen in the history of Big Brother Mzansi. He deserves the grand prize #bbmzansi https://t.co/dVmSnbEGr9,21,4
2025-03-16 12:51:14+00:00,Today is also the 2 years anniversary of AOTV London Premiere ğŸ¥º The day Liam went to support his brother on his big day and his 1st public appearance after the bullying. That moment means so much bc it reflects Liams courage and you could tell he was anxious but also that Louisâ€¦ https://t.co/MaMhJhs7ot https://t.co/sAGXR2HV6D,0,0
2025-03-16 12:50:56+00:00,Nsuku is telling the truth. Big brother viewers are something else. The  chosen winner is not deserving#BBMzansi,0,0
2025-03-16 12:50:26+00:00,"#BBMzansi

Saved 6 times without appearing in bottom 3 yet SA influencers count her out of the winning race just because Nate doesnâ€™t look like someone struggling 

Big brother reality show is not a poverty alleviation scheme and Nate winning this show will change that mindsetâ€¦ https://t.co/x01EajF3zl https://t.co/U02Pbxog08",23,2
2025-03-16 12:50:12+00:00,"1. Zayne. Husband. 
2. Rafayel. Twinflame.
3. Sylus. Money talks. 
4. Caleb. Big brother.
5. Xavier. Co-worker. https://t.co/VOXVlAq0tP",0,0
2025-03-16 12:49:13+00:00,"@NoblePaulito Yea, Jesus is our big brother",0,0
2025-03-16 12:48:56+00:00,@iamiglii @Albo_boy3 this is the most unhinged version of big brother i have ever heard about.,1,0
2025-03-16 12:48:35+00:00,"@Mahini_masoud @10kai_nft big congrats, brother.",0,0
2025-03-16 12:48:29+00:00,"Bathong?? The comments ğŸ¤£ğŸ¤£ğŸ¤£ğŸ¤£

Gatweâ€¦you spent a few weeks ko Big Brother and you come out feeling unsafe ğŸ˜‚ğŸ˜‚ğŸ˜‚ https://t.co/PF798v9oAw",1,0
2025-03-16 12:48:22+00:00,"@RadioGenoa The Globalists, Banksters  and WEF scum benefit.ğŸ¤¬
They want western society to breakdown, riots and religious wars on the streets.ğŸ¤¬
Governments declare marshal law?ğŸ¤¬
People control beyond our wildest nightmares?ğŸ¤¬
Armament industries production increased â‚¬Â£?ğŸ¤¬
BIG BROTHER?",0,0
2025-03-16 12:48:16+00:00,"@realstewpeters Joe Biden is a pretty big one

So is Barack Obama and Micheal Robinson, his husband.

John Podesta also makes that list along with his brother Tony. 

You know about the Anthony Weiner laptop, right imbecile??",0,0
2025-03-16 12:48:04+00:00,"Im super wary of screens. My kid has never been allowed to play on an iPad or phone. Still, many of you sound hysterical about children you literally donâ€™t hang around. Become a big brother or sister at your local ymca lmao stfu.",17,0
2025-03-16 12:47:01+00:00,@Oluwatoyinzoe I'm telling you big brother.,1,0
2025-03-16 12:47:01+00:00,"@geezer_btc That's it brother, and for those that are monetised or aiming to get, will reap the rewards 100x for having active and loyal followers. Now I see so many big accounts with absolutely dead engagement",1,0
2025-03-16 12:46:41+00:00,"""akuroku"" should not exist. how do you not view axel and roxas as the little brother / big brother bond that they have??? vile",0,0
2025-03-16 12:46:35+00:00,@superTV247 Put lily back in this year's big brother yes she was a messy housemate but in ron weasleys words she was bloody brilliant,0,0
2025-03-16 12:45:22+00:00,"@bigdoginc6 Good morning brother. Have a great day. Hopefully youâ€™re not working too long today, itâ€™s Sunday. Big dog needs some rest ğŸ˜€",0,0
2025-03-16 12:45:00+00:00,Big brother N https://t.co/nSOPIF3eUZ,6,2
2025-03-16 12:44:55+00:00,"@Corwinuniqemnd Sure!
//We Are on Earth with a direct connection to the idea of the Zeta &amp; Hybrids Family (the Sassanis, the Shalinaya), the Pleiadians, with a slight touch of Annu'na'ki energy.//

It's a kind of big melting pot, Dear Soul Brother ğŸ˜‚ https://t.co/lPsxcrukM0",1,0
2025-03-16 12:44:34+00:00,"Big Brother 

Siphesihle Telling Biggie She Thinks Herself And Jojo Will Be Evicted Tonight#bbmzansi
https://t.co/RAFX1KPWIA",0,1
2025-03-16 12:44:31+00:00,Apparently im a fake fan for not playing ff14 ğŸ˜”ğŸ˜” thank you big brother,1,0
2025-03-16 12:44:19+00:00,"@Luvee_101 @DemocratRick12 @SenFettermanPA Every program in Fox News has that insipid crawler cycling through MAGA half truths and big-brother-language slogans 24/7. 
Just news my arse.",0,0
2025-03-16 12:44:18+00:00,"Big brother bf who'll rape my cunnie for much longer after i cum telling me ""shhh, i know baby, i know lil sis. Just take it for me okay? You wanna be my good lil sis right?"" While i cry. I love faucest and faux sympathy ğŸ˜µâ€ğŸ’«",0,0
2025-03-16 12:43:41+00:00,@senatorbabet Iâ€™ll tell you what Australian culture is: To play a perpetual role of a lapdog to every Big Brother and play the tough talking side kick. How many countries did you bomb in the last century? How many people did you displace from their own lands? Donâ€™t you dare to lecture people!,0,0
2025-03-16 12:43:24+00:00,I wanna be a cast on Big Brother but I am afraid because there is no privacy. And Iâ€™m a scorpio. What da fuck,0,0
2025-03-16 12:43:19+00:00,@fluttershylix OMG LUCKY!! IM NOT A BIG FAN OF SOCCER BUT MY LITTLE BROTHER LOVES IT AND HAS A BIG INFLUENCE ON ME ğŸ˜­ğŸ˜­,1,0
2025-03-16 12:43:17+00:00,"ğŸ”¥ Big News!

#ElonMusk officially introduces the X Token.ğŸ‰

â ğ—½ğ—¶ğ—» ğ—½ğ—¼ğ˜€ğ˜ https://t.co/wFkEAApodD

OsLzc @miguelwalk13335 @fahim_afridii @binanceopu @cristinapetit26 @mayank5489 @n5color_lilac @maki_deema @_ilya_2001_ @elianbecerra1 @brother_erasmus",0,0
2025-03-16 12:42:12+00:00,"@Warrioress Brother and nodded.

â€œyou can use your words. Sheâ€™s like your sister now, like your big sisters.â€",0,0
2025-03-16 12:42:06+00:00,"@mattletiss7 100% they love Big Brother, and they want us to.",1,0
2025-03-16 12:41:27+00:00,"@mikecleere @SenMarkKelly ..and,even more disturbing,millions of MAGA pivoted to taking Ruzzia's side. Just. Like.That. Even worse than 1984.The people there had to train themselves to jump at Big Brother's word or face terrible consequences. The MAGA here on X willingly turned on Ukraine on Trump's word.",0,0
2025-03-16 12:41:10+00:00,@patkobelakiki HAHAH its Big Brother Albania https://t.co/gZmvyt7WMa,1,0
2025-03-16 12:40:53+00:00,@Paul23576 @pef_info So? My country is forced to invest in weapons while your country was hiding behind its big brother USA :D When your country starts investing in weapons you will fall hard both financially and morally buddy. Good luck to you :),0,0
2025-03-16 12:40:06+00:00,"ğŸ”¥ Big News!

#ElonMusk officially introduces the X Token.ğŸ‰

â ğ—½ğ—¶ğ—» ğ—½ğ—¼ğ˜€ğ˜ https://t.co/G4HWmguFqN

TRBkm @a_unapologetic @leandr4kelvin @sunrise00000009 @htzdelight @alamudinal65670 @mateusz15970292 @rodrigotorres_7 @william039981 @manashpratimme @brother_444",0,0
2025-03-16 12:40:05+00:00,"Also, weâ€™d like to say a big thank you to Hon. @fx_sosu for his commitment to climate change and innovation where youth startups are tackling environmental problems with practical solutions.
To my big brother, Dr. @CGHodoli for leading the charge, thank you. https://t.co/fqBdxXGrmA",2,1
2025-03-16 12:39:57+00:00,@Albo_boy3 i saw it on my TL i see these tweets all the time ğŸ˜­ wtf is going on is this supposed to be an Albanian version of big brother if so WHY IS THE HOUSE COVERED IN SPONSORS?!?!!?!?,0,0
2025-03-16 12:39:18+00:00,"From kumi district after my grandma left me also and went to her son the brother to mum,I struggled with school fees for S2 to S4 paying by myself, but what hurts me alot, my mum called me and told me she wants to sell land that's 2019 but I insisted but my big brother..",0,0
2025-03-16 12:39:10+00:00,"Asking the @X Rules Bots, anything suspicious about the sub-post? For me, Twitter has always been like the book â€œ1984,â€ Big Brother sends me warnings of suspicious activity and then, BAM! Suspended account, Appeal denied, ending a decade of synchronicity work. https://t.co/1mS5ZyGbbW",0,0
2025-03-16 12:38:56+00:00,@justinsuntron @justinsuntron My big brother please help me My life is ruined because of my greed I will pray for you all my life plz get me out of this trouble once.  Please someone reach my message justinsun to help me I will be grateful to you for the rest of my life If you help me,0,0
2025-03-16 12:38:52+00:00,"Big Brother 

Uyanda Saying Heâ€™s Fear Is Guluva And Abobo Going Home, Sweet Guluva Is Here To StayğŸ¤ğŸ¾#bbmzansi
https://t.co/CdHEe5MsWn",1,0
2025-03-16 12:38:49+00:00,@justinsuntron @justinsuntron My big brother please help me My life is ruined because of my greed I will pray for you all my life plz get me out of this trouble once.  Please someone reach my message justinsun to help me I will be grateful to you for the rest of my life If you help me,0,0
2025-03-16 12:38:42+00:00,@justinsuntron @justinsuntron My big brother please help me My life is ruined because of my greed I will pray for you all my life plz get me out of this trouble once.  Please someone reach my message justinsun to help me I will be grateful to you for the rest of my life If you help me,0,0
2025-03-16 12:38:10+00:00,mood because i canâ€™t wait to see Ashley in your evicted faves highlights because big brother refuses to let her go ğŸ¤£â¤ï¸#BBMzansi #AshleyBrylnnOgle #AshleyOgle #SweetAshley https://t.co/6NAQlIhNzy,4,1
2025-03-16 12:37:46+00:00,@SealedDruid_08 Thanks brother. Letâ€™s all go be great in the Big Dance!,0,0
2025-03-16 12:37:23+00:00,"ğŸ”¥ Big News!

#ElonMusk officially introduces the X Token.ğŸ‰

â ğ—½ğ—¶ğ—» ğ—½ğ—¼ğ˜€ğ˜ https://t.co/3uyt3b0wBa

dlJMv @sirneekrow @2nerdsandslimp1 @ssybanov @brother_505 @nugrohodisya @alinama88 @kirolloswael5 @vikashk62598483 @ragavendra @tranthiminhtr17 @mrteeabakadang",0,0
2025-03-16 12:37:19+00:00,"ğŸ”¥ Big News!

#ElonMusk officially introduces the X Token.ğŸ‰

â ğ—½ğ—¶ğ—» ğ—½ğ—¼ğ˜€ğ˜ https://t.co/PqWWAT3ewz

VmIni @narrybugsy @nnbulaelrrc @ibrahim88628973 @iskanderp @brother_finance @ghostw7d @favourp66705633 @yaboisnel @shahzadabakhtu1 @wybaby_girl @kenschroppe",0,0
2025-03-16 12:36:57+00:00,"ğŸ”¥ Big News!

#ElonMusk officially introduces the X Token.ğŸ‰

â ğ—½ğ—¶ğ—» ğ—½ğ—¼ğ˜€ğ˜ https://t.co/ne4NYoNhaF

rigMN @biffrhubarb @sardenaagustina @htr7777777 @veryfast_001 @bahriaadell @pave_way_wiz1 @bananaman160 @hue79phuk @brother_zs20882 @metsdj1 @havadimou713",0,0
2025-03-16 12:36:41+00:00,My brother offered me his ice cream so obvs i had to take a big fat bite to torment him and now im sad cause i ate alot of cals and i cant eat one oreo now. Do i jump https://t.co/j5jy1yud9e,0,0
2025-03-16 12:36:40+00:00,i mean like big brother sims not like the game btw ğŸ˜­,1,0
2025-03-16 12:36:30+00:00,"@katie_k8nurse @ChristPNews @RealCandaceO @TuckerCarlson Iâ€™m not familiar with the fiasco pertaining to Brigitte.  There was a lawsuit?  I thought, why are people making a big thing about Brigitte &amp; her second brother?  Just find the second brother.  This will prove the second brother is not Brigitte.",0,0
2025-03-16 12:34:31+00:00,"ğŸ”¥ Big News!

#ElonMusk officially introduces the X Token.ğŸ‰

â ğ—½ğ—¶ğ—» ğ—½ğ—¼ğ˜€ğ˜ https://t.co/guCBnG6Uak

AmcGd @alimsultanov77 @dineshnariani @kader316339 @capodon_eth @distant_brother @vote4pedroeth @bogka19 @pavelbains @alanfloresjz @spypspyp @iona47622310",0,0
2025-03-16 12:34:15+00:00,"@Warrioress Antheia sat in a room with her nieces and nephews. She was still seated in her big brotherâ€˜s lap, cuddling into his arms as she watched them playing with a strange toy

â€œBrother? What are these?â€

Ilia did his best to explain everything, but it was clear she lacked any basis for+",1,0
2025-03-16 12:33:36+00:00,"VIDEO: My kidney failed, heart was weak, liver shut down during childbirth â€” Bambam 

Nollywood actress and former Big Brother Naija housemate, Bamike Olawunmi, popularly known as Bambam, has shared a personal account of the life-threatening complications she encountered duringâ€¦ https://t.co/ey1cNy2Kf2 https://t.co/cymKCcY2wn",0,0
2025-03-16 12:33:13+00:00,"context lang po big brother icymi:

TFBBAM FOR PBB HOUSEGUEST https://t.co/60rUFsukzW",7,5
2025-03-16 12:33:11+00:00,Big ups St. Johnâ€™s and the homie lil brother. Plainfield NJ bred!!,0,0
2025-03-16 12:32:36+00:00,@NoblePaulito Yeah his my big brother,0,0
2025-03-16 12:32:27+00:00,@Jabu_Macdonald I like when you say your prediction ğŸ˜œ because big brother workers with votesğŸ¤¤JoJo can't be there and Nate not be there o bua mmago o polo,0,0
2025-03-16 12:32:00+00:00,@elonmusksonlilx Good morning Big brother,0,0
2025-03-16 12:31:47+00:00,"Fun fact abt me, i refuse to buy a dildo so when a gross icky man (big brother/dad bf) comes along i can be the tightest cunnie hes ever had ğŸ˜µâ€ğŸ’«",2,0
2025-03-16 12:31:43+00:00,@elonmuskTN Good morning Big brother and son love and like,0,0
2025-03-16 12:31:34+00:00,Heidi Range should do Celeb Big Brother,0,0
2025-03-16 12:31:27+00:00,"Unsee Star and Star of Big Brother Mzansi that's Nate for you babyğŸ’«ğŸ’«ğŸ‘ŒğŸ¾ğŸ‘ŒğŸ¾ğŸ“Œ

GOD PROTECT NATE
PRAYERS FOR NATE SETWABA
#NateSetwaba
#BBMzansi https://t.co/vfbYhp83Ow",14,3
2025-03-16 12:31:21+00:00,@Yanda6175136372 Big brother alredy gave you a hint ğŸ˜‚ğŸ˜‚you can't see this line up to diary room???ğŸ˜‚ğŸ˜‚ğŸ˜‚,0,0
2025-03-16 12:31:12+00:00,i wemt out touching grass with my big brother today and watched gundam.. artstyle v nice also possible yuri... love yuri when its mecha,4,0
2025-03-16 12:30:46+00:00,"Catch Tyrone, Melino, and Mandy, the Big Brother Season 5 evictees, tomorrow at 3:00 PM on Spotify and Wednesday at 3:00 PM on YouTube! ğŸ§ğŸ“º Don't forget to like, comment, and subscribe to my channel, and click the notification bell for updates! ğŸ””ğŸ‘

#BigBrother #Evictees #bbmâ€¦ https://t.co/xHtEGL4esi https://t.co/LV7a0x0zMx",51,7
2025-03-16 12:30:34+00:00,"@JasonOnTheDrums No, Canada is just fucking themselves , without the US Canada would be nothing and they know it theyâ€™ve always riding on the coattails of big brother no defense spending , economic security, etc. all while charging us higher tariffs, then we charge them show me how thatâ€™s fair ?",0,0
2025-03-16 12:30:16+00:00,"#ORDERnORDERğŸ”¥

HOT HOT earn CASH with OUR crypto pump!ğŸŒğŸŒŒğŸ‰

ğŸWelcome: https://t.co/nn13bZqHlk

bU86zkPe @Brother_Jae @TeamJemetria @Cryptokid70 @maxcianci @delightbb1 @cerennersoyyy @big_bawah @swingdance1999 @GaiusDLuxus @PinBarFox",0,0
